step,phase,env0_arm_dev_from_default_rad,env0_mean_leg_vel_rad_s,env0_base_speed_m_s
0,0,4.67890095023904e-05,0.2715685963630676,0.030485251918435097
1,0,0.00012090057862224057,0.4746178090572357,0.04978460446000099
2,0,0.0003893281682394445,0.53623366355896,0.10312630981206894
3,0,0.0007825022912584245,0.6240633726119995,0.060328297317028046
4,0,0.001235478208400309,0.6045569777488708,0.04932941868901253
5,0,0.0018302705138921738,0.6837365031242371,0.07634581625461578
6,0,0.0024358737282454967,0.7142127752304077,0.07144273072481155
7,0,0.003060359973460436,0.7265908122062683,0.065531425178051
8,0,0.0036909047048538923,0.7474555969238281,0.08181355148553848
9,0,0.004319255705922842,0.6521751880645752,0.08779468387365341
10,0,0.0049195135943591595,0.6789781451225281,0.08723623305559158
11,0,0.005486054811626673,0.6869375109672546,0.08735519647598267
12,0,0.0060186064802110195,0.6470524668693542,0.10011240839958191
13,0,0.006510795559734106,0.5336453318595886,0.11110223829746246
14,0,0.006961811799556017,0.39165210723876953,0.12804071605205536
15,0,0.00737577211111784,0.34982722997665405,0.1450634002685547
16,0,0.007751189172267914,0.4877701699733734,0.16172057390213013
17,0,0.008081499487161636,0.6397969722747803,0.18186624348163605
18,0,0.00836387649178505,0.7224361300468445,0.20833459496498108
19,0,0.008597548119723797,0.8193680644035339,0.22635896503925323
20,0,0.008780939504504204,0.8950052261352539,0.2382635772228241
21,0,0.008992670103907585,0.8406410217285156,0.2147527039051056
22,0,0.009211620315909386,0.7944738864898682,0.21239043772220612
23,0,0.009371687658131123,0.8658363223075867,0.19827449321746826
24,0,0.009491990320384502,0.8123129606246948,0.18208740651607513
25,0,0.009565893560647964,0.7555543780326843,0.15121635794639587
26,0,0.00961310975253582,0.7155213356018066,0.10949461907148361
27,0,0.009650453925132751,0.6618651747703552,0.0726562887430191
28,0,0.009687971323728561,0.6202698945999146,0.04893769696354866
29,0,0.009725155308842659,0.5495539307594299,0.04199723154306412
30,0,0.009755654260516167,0.48772740364074707,0.0482543408870697
31,0,0.009774155914783478,0.384307324886322,0.05525970458984375
32,0,0.009770653210580349,0.27538084983825684,0.058425553143024445
33,0,0.009754147380590439,0.24919740855693817,0.07186058908700943
34,0,0.009743954986333847,0.2758778929710388,0.0969352126121521
35,0,0.009740312583744526,0.33940550684928894,0.12379033118486404
36,0,0.009739717468619347,0.39674127101898193,0.1458984762430191
37,0,0.009740252047777176,0.4384663701057434,0.17104661464691162
38,0,0.009730622172355652,0.49313268065452576,0.19293995201587677
39,0,0.009701067581772804,0.5850464701652527,0.21864870190620422
40,0,0.009632853791117668,0.6897596120834351,0.24011915922164917
41,0,0.009527858346700668,0.7892529964447021,0.2698532044887543
42,0,0.00947683583945036,0.674951434135437,0.24777421355247498
43,0,0.00942723173648119,0.7091902494430542,0.25549307465553284
44,0,0.00944429449737072,0.7415223121643066,0.25742629170417786
45,0,0.009444773197174072,0.730940580368042,0.2263367623090744
46,0,0.009405896067619324,0.7346087694168091,0.2017066329717636
47,0,0.00928825419396162,0.7677531242370605,0.18720319867134094
48,0,0.009147537872195244,0.6679352521896362,0.15818263590335846
49,0,0.009278440847992897,0.5213616490364075,0.13086210191249847
50,0,0.009382082149386406,0.4229958653450012,0.10753771662712097
51,0,0.009440172463655472,0.43293270468711853,0.09351184219121933
52,0,0.009450582787394524,0.35503554344177246,0.09062296152114868
53,0,0.009451272897422314,0.3438517451286316,0.08797170966863632
54,0,0.00944872573018074,0.3557780385017395,0.08370678126811981
55,0,0.009458127431571484,0.3503202795982361,0.08422485738992691
56,0,0.009469347074627876,0.38726359605789185,0.08022172749042511
57,0,0.00945292692631483,0.3571417033672333,0.08467558026313782
58,0,0.009424666874110699,0.378191202878952,0.08361542969942093
59,0,0.009359597228467464,0.45823317766189575,0.08963104337453842
60,0,0.009266072884202003,0.5077805519104004,0.10030223429203033
61,0,0.009146084077656269,0.6936941146850586,0.11270949244499207
62,0,0.009023952297866344,0.5683866739273071,0.11656159162521362
63,0,0.008977308869361877,0.6239383220672607,0.13961297273635864
64,0,0.00892859511077404,0.6880499124526978,0.12544265389442444
65,0,0.008922909386456013,0.6984478235244751,0.08914715051651001
66,0,0.009192343801259995,0.7475864291191101,0.05662121996283531
67,0,0.009416003711521626,0.7368588447570801,0.043961431831121445
68,0,0.009525718167424202,0.7266530394554138,0.034477125853300095
69,0,0.00950747448951006,0.7210440635681152,0.03792698308825493
70,0,0.009421896189451218,0.6396480798721313,0.03784710913896561
71,0,0.009454650804400444,0.5625691413879395,0.051057230681180954
72,0,0.00963070522993803,0.4908907413482666,0.07916834950447083
73,0,0.009794148616492748,0.36163973808288574,0.11438555270433426
74,0,0.009950021281838417,0.23791329562664032,0.15027543902397156
75,0,0.01010088436305523,0.16787207126617432,0.18812179565429688
76,0,0.010242106392979622,0.20788662135601044,0.22422264516353607
77,0,0.010376590304076672,0.266819030046463,0.26739975810050964
78,0,0.010505838319659233,0.3224075436592102,0.30000028014183044
79,0,0.010629595257341862,0.343371719121933,0.3075385093688965
80,0,0.010724741034209728,0.40848207473754883,0.29733091592788696
81,0,0.010785538703203201,0.47207221388816833,0.3160463273525238
82,0,0.010802129283547401,0.5004536509513855,0.3395964503288269
83,0,0.010769311338663101,0.6606534719467163,0.3561912477016449
84,0,0.010692945681512356,0.8909456133842468,0.34605488181114197
85,0,0.010719489306211472,0.7561198472976685,0.28696539998054504
86,0,0.01065756008028984,0.7566965818405151,0.29433804750442505
87,0,0.010595924220979214,0.7185561060905457,0.29685091972351074
88,0,0.010483479127287865,0.6878880262374878,0.2721783518791199
89,0,0.010337065905332565,0.6494106650352478,0.22099533677101135
90,0,0.010204380378127098,0.5373575091362,0.18444541096687317
91,0,0.010050801560282707,0.5032968521118164,0.14888979494571686
92,0,0.009875267744064331,0.5217506289482117,0.13554419577121735
93,0,0.009681512601673603,0.5358444452285767,0.13220423460006714
94,0,0.00947802234441042,0.550475537776947,0.13131381571292877
95,0,0.009294001385569572,0.4874112606048584,0.13329575955867767
96,0,0.009112045168876648,0.42725905776023865,0.13659466803073883
97,0,0.009065279737114906,0.3855510354042053,0.14152254164218903
98,0,0.009096242487430573,0.45107731223106384,0.15523241460323334
99,0,0.009131727740168571,0.48817726969718933,0.13380885124206543
100,1,0.009181533008813858,0.4866391122341156,0.10844258964061737
101,1,0.009223970584571362,0.45278334617614746,0.08489984273910522
102,1,0.009358902461826801,0.36567384004592896,0.06712368875741959
103,1,0.009433774277567863,0.3705434799194336,0.05076548084616661
104,1,0.009446097537875175,0.49233347177505493,0.05410413444042206
105,1,0.00941300019621849,0.7108359336853027,0.07290590554475784
106,1,0.009390855208039284,0.7515551447868347,0.07412087917327881
107,1,0.00934720691293478,0.8743971586227417,0.08696437627077103
108,1,0.009261268191039562,0.8797852396965027,0.08478976041078568
109,1,0.009254051372408867,0.8710071444511414,0.08876962959766388
110,1,0.009189578704535961,0.7723686099052429,0.07185916602611542
111,1,0.009206912480294704,0.7035426497459412,0.06213926896452904
112,1,0.009267683140933514,0.6794924736022949,0.056385722011327744
113,1,0.009311595931649208,0.6088786125183105,0.0629010871052742
114,1,0.009363552555441856,0.4887104630470276,0.0691511332988739
115,1,0.009395909495651722,0.3390708565711975,0.0867650955915451
116,1,0.009366922080516815,0.25341081619262695,0.1199752688407898
117,1,0.009501731023192406,0.2350696325302124,0.14190594851970673
118,1,0.009677514433860779,0.21478936076164246,0.1564215123653412
119,1,0.009843560867011547,0.2409319132566452,0.18537637591362
120,1,0.009998894296586514,0.2895338237285614,0.22099977731704712
121,1,0.010139248333871365,0.3287365436553955,0.25479865074157715
122,1,0.01027901004999876,0.40783295035362244,0.28626683354377747
123,1,0.010398137383162975,0.5419094562530518,0.3231428265571594
124,1,0.010494670830667019,0.6720408797264099,0.3583437204360962
125,1,0.01056394912302494,0.8203797340393066,0.38198158144950867
126,1,0.010607372969388962,0.9005019068717957,0.4084010124206543
127,1,0.010824874974787235,0.6785979270935059,0.3641592562198639
128,1,0.010992064140737057,0.722493588924408,0.35268962383270264
129,1,0.011039800010621548,0.7229840755462646,0.3255111277103424
130,1,0.010990934446454048,0.7566577196121216,0.30164676904678345
131,1,0.010899299755692482,0.7021512985229492,0.2540208399295807
132,1,0.010836189612746239,0.6557328104972839,0.22361384332180023
133,1,0.010731715708971024,0.5945391654968262,0.19870615005493164
134,1,0.01058382447808981,0.539517343044281,0.17975687980651855
135,1,0.010397056117653847,0.46056127548217773,0.16643135249614716
136,1,0.010191782377660275,0.42397767305374146,0.151231586933136
137,1,0.01000309269875288,0.322420597076416,0.1494728922843933
138,1,0.009804111905395985,0.27968841791152954,0.14910556375980377
139,1,0.009601150639355183,0.2489011287689209,0.1455288529396057
140,1,0.009404703043401241,0.3087179362773895,0.1410696804523468
141,1,0.009223301894962788,0.35397905111312866,0.11904988437891006
142,1,0.009066811762750149,0.3717726171016693,0.09533222019672394
143,1,0.009011353366076946,0.35295724868774414,0.06452714651823044
144,1,0.00902671180665493,0.30636873841285706,0.03329940885305405
145,1,0.009021395817399025,0.3057199716567993,0.04255030304193497
146,1,0.009006666950881481,0.35506436228752136,0.048363279551267624
147,1,0.008983058854937553,0.5128364562988281,0.05112777277827263
148,1,0.009015396237373352,0.5397359132766724,0.06920789927244186
149,1,0.00910833477973938,0.47653162479400635,0.07528019696474075
150,1,0.009186227805912495,0.537524938583374,0.09710999578237534
151,1,0.009210571646690369,0.5729718208312988,0.08329342305660248
152,1,0.009193800389766693,0.6276799440383911,0.06282911449670792
153,1,0.009394699707627296,0.68571537733078,0.04333227872848511
154,1,0.00955403596162796,0.7214867472648621,0.0417051687836647
155,1,0.009698435664176941,0.7466012835502625,0.07018713653087616
156,1,0.009816459380090237,0.727783203125,0.09285717457532883
157,1,0.009875978343188763,0.7016646862030029,0.11423193663358688
158,1,0.009855960495769978,0.664384126663208,0.13828012347221375
159,1,0.009760823100805283,0.590079665184021,0.15307272970676422
160,1,0.009636866860091686,0.41938039660453796,0.17186272144317627
161,1,0.00950167141854763,0.252793550491333,0.20433887839317322
162,1,0.009341927245259285,0.21974512934684753,0.24272745847702026
163,1,0.009475369937717915,0.3123302459716797,0.2669474482536316
164,1,0.009638569317758083,0.44921600818634033,0.2958652675151825
165,1,0.009784761816263199,0.5297185182571411,0.31139814853668213
166,1,0.009879938326776028,0.6605732440948486,0.2944726049900055
167,1,0.00990944355726242,0.8132791519165039,0.2834186553955078
168,1,0.009984968230128288,0.6997384428977966,0.2253674566745758
169,1,0.010071275755763054,0.6437585353851318,0.240262970328331
170,1,0.010093706659972668,0.6454216241836548,0.23093916475772858
171,1,0.010067212395370007,0.703413724899292,0.19637052714824677
172,1,0.010001114569604397,0.7676500082015991,0.16356529295444489
173,1,0.009909349493682384,0.7426745295524597,0.13554009795188904
174,1,0.009806814603507519,0.6808871030807495,0.12209996581077576
175,1,0.009675315581262112,0.5913777947425842,0.12164950370788574
176,1,0.009518355131149292,0.4977826774120331,0.11595486849546432
177,1,0.009347852319478989,0.3787935674190521,0.10200309008359909
178,1,0.009173406288027763,0.3120373487472534,0.08916882425546646
179,1,0.009059114381670952,0.2822412848472595,0.08102443069219589
180,1,0.008996356278657913,0.3213653564453125,0.08750639855861664
181,1,0.009077180176973343,0.43716201186180115,0.06967148184776306
182,1,0.009095892310142517,0.6262869238853455,0.07225018739700317
183,1,0.009132151491940022,0.7527316808700562,0.060643985867500305
184,1,0.009171981364488602,0.8051230311393738,0.0689556747674942
185,1,0.009236074052751064,0.6193311214447021,0.03159652277827263
186,1,0.009248304180800915,0.5112332105636597,0.06452037394046783
187,1,0.009313364513218403,0.5574004054069519,0.07829247415065765
188,1,0.009352895431220531,0.6300133466720581,0.11332722753286362
189,1,0.009361340664327145,0.7159895896911621,0.11037969589233398
190,1,0.009289111942052841,0.757647693157196,0.1374831348657608
191,1,0.00915263406932354,0.7036754488945007,0.15325571596622467
192,1,0.009032608941197395,0.576645016670227,0.1777075082063675
193,1,0.009142640046775341,0.4597768485546112,0.20075547695159912
194,1,0.009174244478344917,0.38574299216270447,0.21297435462474823
195,1,0.0091598154976964,0.2884734869003296,0.23484182357788086
196,1,0.009222602471709251,0.26437997817993164,0.2608964741230011
197,1,0.009326315484941006,0.3014009892940521,0.28005552291870117
198,1,0.009428518824279308,0.4010828137397766,0.3116398751735687
199,1,0.009529007598757744,0.5276697874069214,0.3472196161746979
200,1,0.009630384854972363,0.7060903310775757,0.37683379650115967
201,1,0.009723830036818981,0.8518311381340027,0.4044884443283081
202,1,0.009895846247673035,0.6861660480499268,0.3714635968208313
203,1,0.01002561580389738,0.6980058550834656,0.34089532494544983
204,1,0.010217997245490551,0.6503884196281433,0.30427587032318115
205,1,0.010372849181294441,0.6832633018493652,0.2663642466068268
206,1,0.010486007668077946,0.7524866461753845,0.21078155934810638
207,1,0.010530776344239712,0.7552444338798523,0.1914391964673996
208,1,0.010511494241654873,0.6590451598167419,0.18213143944740295
209,1,0.010438436642289162,0.550139844417572,0.1710299402475357
210,1,0.010317128151655197,0.48925432562828064,0.17134396731853485
211,1,0.01015834417194128,0.4869498610496521,0.16644766926765442
212,1,0.009972495958209038,0.5073484778404236,0.1701454520225525
213,1,0.009768035262823105,0.5029259920120239,0.15815110504627228
214,1,0.009598678909242153,0.5435247421264648,0.16086983680725098
215,1,0.009414417669177055,0.5802723169326782,0.15862804651260376
216,1,0.00922840554267168,0.5637309551239014,0.15891380608081818
217,1,0.00905167032033205,0.5434553623199463,0.16357474029064178
218,1,0.008887219242751598,0.48584556579589844,0.1612469106912613
219,1,0.008755329065024853,0.36703574657440186,0.14540089666843414
220,1,0.0087156156077981,0.2737410366535187,0.13610900938510895
221,1,0.008691865019500256,0.27359825372695923,0.144353449344635
222,1,0.008747870102524757,0.2648830711841583,0.17256855964660645
223,1,0.008810673840343952,0.3481599986553192,0.18462195992469788
224,1,0.008841611444950104,0.4071447253227234,0.15097741782665253
225,1,0.008795018307864666,0.5704755187034607,0.12458791583776474
226,1,0.008788365870714188,0.708269476890564,0.1413682997226715
227,1,0.008828550577163696,0.7613754272460938,0.13103199005126953
228,1,0.008947733789682388,0.7558845281600952,0.10936811566352844
229,1,0.0091013228520751,0.7780336737632751,0.07173063606023788
230,1,0.009274737909436226,0.6921817660331726,0.02720004878938198
231,1,0.009452173486351967,0.6326646208763123,0.008473828434944153
232,1,0.009621470235288143,0.5705910921096802,0.04584855958819389
233,1,0.009781936183571815,0.48436111211776733,0.06646114587783813
234,1,0.009927664883434772,0.43155306577682495,0.08583779633045197
235,1,0.010057073086500168,0.3710622787475586,0.11500906944274902
236,1,0.010165642946958542,0.31264203786849976,0.1482102870941162
237,1,0.010253110900521278,0.2667604386806488,0.1803230196237564
238,1,0.010318844579160213,0.28297752141952515,0.20544783771038055
239,1,0.010364525020122528,0.34225961565971375,0.2294897884130478
240,1,0.010404732078313828,0.3234924077987671,0.25720348954200745
241,1,0.010456130839884281,0.3459128737449646,0.28225386142730713
242,1,0.010518117807805538,0.43763241171836853,0.30269232392311096
243,1,0.010585812851786613,0.458322137594223,0.3373650908470154
244,1,0.010653502307832241,0.53944993019104,0.3547588288784027
245,1,0.0106969578191638,0.5956436395645142,0.3673226237297058
246,1,0.010693476535379887,0.6663660407066345,0.372721791267395
247,1,0.010701818391680717,0.5200271010398865,0.336199551820755
248,1,0.010660989210009575,0.5663419961929321,0.3353723883628845
249,1,0.010558291338384151,0.6120773553848267,0.32393088936805725
250,1,0.010477802716195583,0.6023699641227722,0.28859004378318787
251,1,0.01037626899778843,0.652565598487854,0.2551621198654175
252,1,0.010249589569866657,0.6961492896080017,0.23160888254642487
253,1,0.010099060833454132,0.6739819049835205,0.2165258377790451
254,1,0.009964166209101677,0.6045713424682617,0.19067572057247162
255,1,0.009816068224608898,0.5306044816970825,0.16503550112247467
256,1,0.009660824202001095,0.5416302680969238,0.13810592889785767
257,1,0.009509469382464886,0.4761146008968353,0.1261407732963562
258,1,0.009359455667436123,0.4395957589149475,0.1188620775938034
259,1,0.009206455200910568,0.4287639260292053,0.11236412078142166
260,1,0.009053479880094528,0.4229177236557007,0.1085367202758789
261,1,0.008907690644264221,0.3873777985572815,0.10391277074813843
262,1,0.008780489675700665,0.37396717071533203,0.09405366331338882
263,1,0.008709927089512348,0.4107048511505127,0.08346430957317352
264,1,0.00870137196034193,0.4336690306663513,0.08173738420009613
265,1,0.008664309047162533,0.4101603925228119,0.09278418123722076
266,1,0.008669310249388218,0.33525776863098145,0.09078741818666458
267,1,0.00867442600429058,0.3306627869606018,0.10210047662258148
268,1,0.008640605956315994,0.47825223207473755,0.09523707628250122
269,1,0.00857145432382822,0.5046144127845764,0.04967695474624634
270,1,0.00852426327764988,0.5035417079925537,0.08396629989147186
271,1,0.008623624220490456,0.5872635841369629,0.1079031229019165
272,1,0.008750847540795803,0.6641247868537903,0.08367957174777985
273,1,0.008889996446669102,0.6778548955917358,0.07885832339525223
274,1,0.009049618616700172,0.7003717422485352,0.07355017215013504
275,1,0.00922017078846693,0.6529855728149414,0.07619992643594742
276,1,0.009382480755448341,0.549328088760376,0.08489587903022766
277,1,0.009532931260764599,0.4692419171333313,0.10493253171443939
278,1,0.00967246014624834,0.4063270092010498,0.12588131427764893
279,1,0.00980775523930788,0.37320512533187866,0.14828568696975708
280,1,0.009947030805051327,0.3288683593273163,0.16603469848632812
281,1,0.010083398781716824,0.2725117802619934,0.1717660129070282
282,1,0.010198893025517464,0.21807318925857544,0.18380191922187805
283,1,0.010294082574546337,0.2568531036376953,0.2088993936777115
284,1,0.010372143238782883,0.344240665435791,0.21808183193206787
285,1,0.010436099022626877,0.5325775146484375,0.2274826318025589
286,1,0.01049396675080061,0.7009185552597046,0.24929381906986237
287,1,0.010541582480072975,0.8249893188476562,0.27116459608078003
288,1,0.010563027113676071,0.8662640452384949,0.29684939980506897
289,1,0.010670607909560204,0.6681426763534546,0.2668081820011139
290,1,0.010837051086127758,0.5682932734489441,0.25090181827545166
291,1,0.01095503382384777,0.5268311500549316,0.24418245255947113
292,1,0.01102297380566597,0.5652543306350708,0.21484197676181793
293,1,0.011029908433556557,0.6692367792129517,0.19234172999858856
294,1,0.010965549387037754,0.6501530408859253,0.17782297730445862
295,1,0.010874081403017044,0.5531126260757446,0.15772883594036102
296,1,0.010752195492386818,0.4576588273048401,0.14364074170589447
297,1,0.010605944320559502,0.4300917088985443,0.1212603822350502
298,1,0.010441946797072887,0.3815060555934906,0.09744267910718918
299,1,0.01026374101638794,0.3482394814491272,0.08701487630605698
300,2,0.010079685598611832,0.3469159007072449,0.08748581260442734
301,2,0.009892633184790611,0.3091748356819153,0.0909154936671257
302,2,0.009695743210613728,0.30304548144340515,0.09659624099731445
303,2,0.009505221620202065,0.30382463335990906,0.08768367022275925
304,2,0.009319487027823925,0.3774242103099823,0.07910618185997009
305,2,0.009136416018009186,0.489252507686615,0.08347669243812561
306,2,0.008954176679253578,0.6131770610809326,0.09117761999368668
307,2,0.008921676315367222,0.6246215105056763,0.12734174728393555
308,2,0.008916882798075676,0.5932526588439941,0.06727641820907593
309,2,0.008823230862617493,0.6241901516914368,0.08685875684022903
310,2,0.008777866140007973,0.59867262840271,0.09146624803543091
311,2,0.009007731452584267,0.630990207195282,0.08494049310684204
312,2,0.009225508198142052,0.640497624874115,0.07702326029539108
313,2,0.009356099180877209,0.6471915245056152,0.07641613483428955
314,2,0.009426368400454521,0.6257233023643494,0.08644351363182068
315,2,0.009461010806262493,0.5556643009185791,0.09253514558076859
316,2,0.00946645438671112,0.48718881607055664,0.11687540262937546
317,2,0.00944804958999157,0.4017575979232788,0.14285941421985626
318,2,0.009391027502715588,0.29787036776542664,0.16804775595664978
319,2,0.00943267997354269,0.24689579010009766,0.20687633752822876
320,2,0.009594438597559929,0.29373234510421753,0.24322354793548584
321,2,0.009754329919815063,0.3520169258117676,0.27881982922554016
322,2,0.009909405373036861,0.43347930908203125,0.3150196671485901
323,2,0.01005115732550621,0.5266475677490234,0.3200969099998474
324,2,0.010168972425162792,0.6503222584724426,0.31781476736068726
325,2,0.010259396396577358,0.7298564910888672,0.3325076997280121
326,2,0.010320859961211681,0.8255321979522705,0.35560864210128784
327,2,0.010466326959431171,0.6746338605880737,0.28861892223358154
328,2,0.010531906969845295,0.6803683042526245,0.2836447060108185
329,2,0.010533880442380905,0.6086843013763428,0.26136863231658936
330,2,0.010545935481786728,0.63389652967453,0.25012704730033875
331,2,0.010507467202842236,0.7077131271362305,0.23282890021800995
332,2,0.010416502133011818,0.7549428939819336,0.22458021342754364
333,2,0.010281533002853394,0.7448315620422363,0.21768203377723694
334,2,0.010113931261003017,0.6480385065078735,0.19912934303283691
335,2,0.009937042370438576,0.4967415928840637,0.1869371384382248
336,2,0.009728028438985348,0.380934476852417,0.17455683648586273
337,2,0.00949667114764452,0.39713239669799805,0.1617392599582672
338,2,0.009252674877643585,0.45154866576194763,0.14852309226989746
339,2,0.009006408974528313,0.5265545845031738,0.1501731276512146
340,2,0.008884696289896965,0.504930317401886,0.13298723101615906
341,2,0.008996552787721157,0.5616421699523926,0.13452887535095215
342,2,0.009131374768912792,0.6858824491500854,0.1403198391199112
343,2,0.009230411611497402,0.8595346212387085,0.13946236670017242
344,2,0.009294604882597923,0.8774980902671814,0.09897075593471527
345,2,0.009299412369728088,0.8781577944755554,0.07172631472349167
346,2,0.00936343427747488,0.649585485458374,0.1429184079170227
347,2,0.009408368729054928,0.6077287197113037,0.1577603816986084
348,2,0.009418505243957043,0.565048098564148,0.131838858127594
349,2,0.009347446262836456,0.5582325458526611,0.08239389210939407
350,2,0.009199394844472408,0.5259973406791687,0.08382361382246017
351,2,0.009123916737735271,0.4864436388015747,0.07310914248228073
352,2,0.009283222258090973,0.45998889207839966,0.08281031250953674
353,2,0.009355221875011921,0.4662548899650574,0.09752827882766724
354,2,0.009328367188572884,0.4563845992088318,0.11613085120916367
355,2,0.009197711013257504,0.36031198501586914,0.14360155165195465
356,2,0.009198605082929134,0.2541781961917877,0.18585935235023499
357,2,0.009354943409562111,0.1728401631116867,0.2284701019525528
358,2,0.009498143568634987,0.16396652162075043,0.26568758487701416
359,2,0.009632875211536884,0.2466861456632614,0.2643439769744873
360,2,0.009765079244971275,0.3762063980102539,0.26045137643814087
361,2,0.009887389838695526,0.5860954523086548,0.24904987215995789
362,2,0.009996157139539719,0.7488595843315125,0.25625115633010864
363,2,0.010093008168041706,0.8720752596855164,0.2716064453125
364,2,0.010221726261079311,0.7482165694236755,0.2793964445590973
365,2,0.010469063185155392,0.588316798210144,0.2805386781692505
366,2,0.010655898600816727,0.4930052161216736,0.26013481616973877
367,2,0.010778474621474743,0.5147497653961182,0.2291991114616394
368,2,0.010821438394486904,0.5460168123245239,0.20134137570858002
369,2,0.010835791006684303,0.5201019048690796,0.19099947810173035
370,2,0.010804216377437115,0.45092934370040894,0.18936565518379211
371,2,0.010737021453678608,0.43662846088409424,0.17957739531993866
372,2,0.010647808201611042,0.4710613191127777,0.1770096868276596
373,2,0.010548735968768597,0.46923208236694336,0.16915200650691986
374,2,0.010420386679470539,0.41282233595848083,0.15969271957874298
375,2,0.010277497582137585,0.42213040590286255,0.14683111011981964
376,2,0.01012354250997305,0.43052953481674194,0.15586288273334503
377,2,0.009952090680599213,0.43965280055999756,0.1634862720966339
378,2,0.009767796844244003,0.44474512338638306,0.1663052886724472
379,2,0.009581360965967178,0.3972499966621399,0.16354487836360931
380,2,0.009404879063367844,0.4322834014892578,0.153926283121109
381,2,0.009252607822418213,0.5782402753829956,0.148046612739563
382,2,0.009124698117375374,0.6341060400009155,0.14929425716400146
383,2,0.009094012901186943,0.5957542657852173,0.08727934956550598
384,2,0.009142986498773098,0.5639923810958862,0.07269293814897537
385,2,0.009183065965771675,0.5664916038513184,0.12897303700447083
386,2,0.009217120707035065,0.5509373545646667,0.11526267975568771
387,2,0.009276262484490871,0.6296497583389282,0.08992061018943787
388,2,0.009370125830173492,0.7083458304405212,0.07830452173948288
389,2,0.009478721767663956,0.7250113487243652,0.06621161103248596
390,2,0.009586147032678127,0.6940547823905945,0.06517063826322556
391,2,0.009688716381788254,0.6296876668930054,0.06926317512989044
392,2,0.009789953008294106,0.5677018761634827,0.08532243221998215
393,2,0.009891193360090256,0.494939386844635,0.10559949278831482
394,2,0.009994866326451302,0.4499445855617523,0.1295909285545349
395,2,0.01010154653340578,0.4245452880859375,0.15203654766082764
396,2,0.010216017253696918,0.33996862173080444,0.1844089776277542
397,2,0.01034405268728733,0.28229662775993347,0.2172774225473404
398,2,0.010467673651874065,0.31357666850090027,0.25519272685050964
399,2,0.010583369992673397,0.2873520255088806,0.28266653418540955
400,2,0.01068118866533041,0.28117722272872925,0.3160095512866974
401,2,0.010751624591648579,0.42546939849853516,0.3194146454334259
402,2,0.01078713033348322,0.6716341972351074,0.31002217531204224
403,2,0.010790367610752583,0.8457385897636414,0.3226793110370636
404,2,0.010777173563838005,0.9098809957504272,0.35033512115478516
405,2,0.01086246594786644,0.695563793182373,0.3342873752117157
406,2,0.010949784889817238,0.5688737630844116,0.3240184783935547
407,2,0.011044836603105068,0.4998900890350342,0.29892095923423767
408,2,0.011084447614848614,0.5303102135658264,0.261154443025589
409,2,0.01108910795301199,0.5872223377227783,0.22390149533748627
410,2,0.011026689782738686,0.6085028648376465,0.19948183000087738
411,2,0.010947507806122303,0.590531587600708,0.19460879266262054
412,2,0.010853921063244343,0.5455894470214844,0.2007291167974472
413,2,0.010751939378678799,0.5227183103561401,0.1808032989501953
414,2,0.010656018741428852,0.48445767164230347,0.14883610606193542
415,2,0.010544209741055965,0.47173842787742615,0.11794295907020569
416,2,0.010423068888485432,0.4012383818626404,0.09691526740789413
417,2,0.010295568034052849,0.3861604630947113,0.0968497097492218
418,2,0.010147876106202602,0.3374490737915039,0.10052468627691269
419,2,0.009987439960241318,0.3321908414363861,0.10453667491674423
420,2,0.009822310879826546,0.4026474356651306,0.10417791455984116
421,2,0.009663043543696404,0.4123813509941101,0.08306523412466049
422,2,0.00951929111033678,0.4395926892757416,0.048669878393411636
423,2,0.009403224103152752,0.35194331407546997,0.028513027355074883
424,2,0.00933228712528944,0.30196449160575867,0.03404298424720764
425,2,0.0093683497980237,0.2770499885082245,0.05016676336526871
426,2,0.009406200610101223,0.40857642889022827,0.06038690730929375
427,2,0.00944951456040144,0.5066827535629272,0.06621663272380829
428,2,0.009522664360702038,0.5043255686759949,0.0048252190463244915
429,2,0.009568745270371437,0.49363598227500916,0.00615432346239686
430,2,0.00961252674460411,0.46483826637268066,0.04569132253527641
431,2,0.009663103148341179,0.5062696933746338,0.08602743595838547
432,2,0.009725666604936123,0.5751852989196777,0.12347476929426193
433,2,0.009795165620744228,0.5405572652816772,0.15849103033542633
434,2,0.009859779849648476,0.4730464816093445,0.17559120059013367
435,2,0.009903604164719582,0.4057454466819763,0.19719547033309937
436,2,0.009934166446328163,0.298248291015625,0.22622013092041016
437,2,0.00995627511292696,0.2518167495727539,0.24675631523132324
438,2,0.00995666440576315,0.43477901816368103,0.2514483630657196
439,2,0.009939737617969513,0.5420982837677002,0.27072763442993164
440,2,0.009985439479351044,0.49651265144348145,0.23657964169979095
441,2,0.010024972259998322,0.46383804082870483,0.25297385454177856
442,2,0.010012689046561718,0.45465725660324097,0.25407248735427856
443,2,0.009963439777493477,0.44553142786026,0.21259988844394684
444,2,0.009870894253253937,0.5626607537269592,0.16931042075157166
445,2,0.009739391505718231,0.5970349907875061,0.15012598037719727
446,2,0.009574709460139275,0.539465069770813,0.13113252818584442
447,2,0.009495656006038189,0.4764840602874756,0.12743815779685974
448,2,0.009409022517502308,0.4404287338256836,0.1098838672041893
449,2,0.009310322813689709,0.4471742510795593,0.10003948211669922
450,2,0.009194781072437763,0.40843844413757324,0.1008763238787651
451,2,0.009071528911590576,0.3797803819179535,0.08825516700744629
452,2,0.009064417332410812,0.3708353638648987,0.0794096514582634
453,2,0.00917515903711319,0.3389875888824463,0.06896831095218658
454,2,0.009257505647838116,0.2940366268157959,0.04554050788283348
455,2,0.009301893413066864,0.29537254571914673,0.04289725422859192
456,2,0.009314976632595062,0.3489397168159485,0.05120115354657173
457,2,0.009316366165876389,0.38824042677879333,0.06551218032836914
458,2,0.009316980838775635,0.43216627836227417,0.08243534713983536
459,2,0.009326553903520107,0.43956589698791504,0.12469290941953659
460,2,0.009382793679833412,0.2569466829299927,0.1256507933139801
461,2,0.009389164857566357,0.3448565602302551,0.11537228524684906
462,2,0.009338583797216415,0.49324139952659607,0.08272848278284073
463,2,0.009221839718520641,0.7274465560913086,0.04253010079264641
464,2,0.009036066941916943,0.960235059261322,0.012470455840229988
465,2,0.008920127525925636,1.1067755222320557,0.05577792972326279
466,2,0.00886692013591528,1.1577476263046265,0.09728983044624329
467,2,0.00905182771384716,0.8927993774414062,0.09477388113737106
468,2,0.00917904358357191,0.7688290476799011,0.11859336495399475
469,2,0.009234011173248291,0.5620944499969482,0.1574060022830963
470,2,0.009331345558166504,0.5201974511146545,0.1717621088027954
471,2,0.00940506812185049,0.4993022680282593,0.2106425166130066
472,2,0.009488937444984913,0.4431701600551605,0.22230727970600128
473,2,0.009567190892994404,0.44860315322875977,0.21882297098636627
474,2,0.009638041257858276,0.4696548581123352,0.23227840662002563
475,2,0.009702122770249844,0.5554888844490051,0.25584039092063904
476,2,0.009743224829435349,0.6662817001342773,0.26160696148872375
477,2,0.009742256253957748,0.8633235692977905,0.24960345029830933
478,2,0.009693354368209839,1.048481822013855,0.24255815148353577
479,2,0.00960483681410551,1.185617208480835,0.2426668405532837
480,2,0.009635276161134243,0.9377424120903015,0.23651918768882751
481,2,0.009821687825024128,0.8362871408462524,0.22373394668102264
482,2,0.01002940721809864,0.5920546650886536,0.16979123651981354
483,2,0.010210339911282063,0.4980034828186035,0.14356230199337006
484,2,0.010316954925656319,0.47387394309043884,0.13642574846744537
485,2,0.010363924317061901,0.47730910778045654,0.1396210789680481
486,2,0.010453346185386181,0.4566154479980469,0.1229235976934433
487,2,0.010504011996090412,0.4882090091705322,0.12254893779754639
488,2,0.010525280609726906,0.492104172706604,0.11916548013687134
489,2,0.010527146980166435,0.4655843675136566,0.1174946054816246
490,2,0.010499137453734875,0.4516587257385254,0.11577301472425461
491,2,0.010432026349008083,0.4584517478942871,0.12304729223251343
492,2,0.010328358970582485,0.44379255175590515,0.1219072937965393
493,2,0.010212715715169907,0.3919031322002411,0.10200104117393494
494,2,0.010111905634403229,0.3467153310775757,0.07834353297948837
495,2,0.010043323040008545,0.37565264105796814,0.05204799771308899
496,2,0.00998465996235609,0.4627557694911957,0.048373933881521225
497,2,0.009931963868439198,0.5039437413215637,0.0748867318034172
498,2,0.009869912639260292,0.5692591667175293,0.09270268678665161
499,2,0.009853812865912914,0.4613555371761322,0.08727545291185379
500,2,0.009915752336382866,0.5080660581588745,0.0955653041601181
501,2,0.009946445934474468,0.5540636777877808,0.08644833415746689
502,2,0.009975756518542767,0.6421601176261902,0.07516215741634369
503,2,0.010008327662944794,0.6851677894592285,0.0517585314810276
504,2,0.010046391747891903,0.6825081706047058,0.028340112417936325
505,2,0.010070160031318665,0.6089547872543335,0.02211269550025463
506,2,0.01007531862705946,0.5833654403686523,0.010456650517880917
507,2,0.01007472537457943,0.5611898899078369,0.024761807173490524
508,2,0.010077403858304024,0.5356333255767822,0.06017235666513443
509,2,0.010093468241393566,0.440493643283844,0.09192457050085068
510,2,0.01013097818940878,0.37177106738090515,0.1266467273235321
511,2,0.010187218897044659,0.36491161584854126,0.15968981385231018
512,2,0.010256528854370117,0.34562739729881287,0.18511979281902313
513,2,0.010318785905838013,0.2920815348625183,0.18300548195838928
514,2,0.010361990891397,0.30446064472198486,0.18293431401252747
515,2,0.01039490569382906,0.4994405210018158,0.19507251679897308
516,2,0.010400448925793171,0.6382454633712769,0.19710330665111542
517,2,0.010364988818764687,0.7716232538223267,0.21314719319343567
518,2,0.01037578098475933,0.663080096244812,0.20001576840877533
519,2,0.01040501706302166,0.6696577072143555,0.21247628331184387
520,2,0.010375569574534893,0.6240103840827942,0.2130003422498703
521,2,0.010294384323060513,0.6209774017333984,0.20825539529323578
522,2,0.010168319568037987,0.5888683795928955,0.18519136309623718
523,2,0.0100100077688694,0.571040689945221,0.15974804759025574
524,2,0.00990721583366394,0.5193307399749756,0.10553085803985596
525,2,0.009793156757950783,0.5231726765632629,0.09860439598560333
526,2,0.009647642262279987,0.4382954239845276,0.1018262505531311
527,2,0.00948426779359579,0.40296611189842224,0.102826327085495
528,2,0.009326351806521416,0.3634394109249115,0.09918212890625
529,2,0.009176637046039104,0.31752002239227295,0.10596960783004761
530,2,0.009236285462975502,0.34587574005126953,0.11700604110956192
531,2,0.009240767918527126,0.38173359632492065,0.11640017479658127
532,2,0.00919963326305151,0.4380778670310974,0.10998282581567764
533,2,0.009120216593146324,0.4726063013076782,0.1032445877790451
534,2,0.009043541736900806,0.5407125353813171,0.09711609035730362
535,2,0.008995522744953632,0.6621739268302917,0.09382535517215729
536,2,0.009016746655106544,0.572222888469696,0.05402855575084686
537,2,0.008983906358480453,0.5063424110412598,0.07198178768157959
538,2,0.009003719314932823,0.520856499671936,0.09166103601455688
539,2,0.009039302356541157,0.5654923915863037,0.09152299910783768
540,2,0.009029742330312729,0.6153420209884644,0.050019171088933945
541,2,0.009039215743541718,0.6206937432289124,0.014274397864937782
542,2,0.00916669424623251,0.6020891070365906,0.021763069555163383
543,2,0.009243009611964226,0.5491496920585632,0.04170197993516922
544,2,0.00929274968802929,0.5010179877281189,0.0626285970211029
545,2,0.009319929406046867,0.44942235946655273,0.08195019513368607
546,2,0.0093335947021842,0.38364872336387634,0.10497387498617172
547,2,0.009450500831007957,0.3229239583015442,0.13253045082092285
548,2,0.00957549549639225,0.2515542507171631,0.15464800596237183
549,2,0.009700410068035126,0.1698232889175415,0.1828896850347519
550,2,0.009815998375415802,0.1854579746723175,0.2076587677001953
551,2,0.009926004335284233,0.28498542308807373,0.24277091026306152
552,2,0.010025611147284508,0.3877032697200775,0.2674243152141571
553,2,0.010113149881362915,0.5300338268280029,0.2779611349105835
554,2,0.010189918801188469,0.7220799922943115,0.2913037836551666
555,2,0.010242785327136517,0.8669224977493286,0.30058202147483826
556,2,0.010264802724123001,0.9456967711448669,0.3288725018501282
557,2,0.010412421077489853,0.8144437670707703,0.2671969532966614
558,2,0.010417097248136997,0.7827918529510498,0.27763092517852783
559,2,0.01035217009484768,0.7009949088096619,0.25374454259872437
560,2,0.010305347852408886,0.6294310092926025,0.23899106681346893
561,2,0.010236227884888649,0.5484208464622498,0.1933646947145462
562,2,0.010115141980350018,0.5323104858398438,0.17053265869617462
563,2,0.009935930371284485,0.5439178943634033,0.1609191596508026
564,2,0.009755044244229794,0.515332818031311,0.13216529786586761
565,2,0.00957434345036745,0.5042375326156616,0.12785184383392334
566,2,0.009396042674779892,0.544616162776947,0.1296086609363556
567,2,0.009213268756866455,0.5213667750358582,0.1310446411371231
568,2,0.009037882089614868,0.4919721484184265,0.1288294494152069
569,2,0.00887268129736185,0.45912179350852966,0.12422938644886017
570,2,0.00894845463335514,0.3859862983226776,0.12749022245407104
571,2,0.009044897742569447,0.33779987692832947,0.11577128618955612
572,2,0.009092872031033039,0.3139386773109436,0.1124681830406189
573,2,0.009111273102462292,0.3059160113334656,0.11851794272661209
574,2,0.009088728576898575,0.341158390045166,0.11487551033496857
575,2,0.009011025540530682,0.5091469287872314,0.10852517932653427
576,2,0.008943992666900158,0.4589262902736664,0.09402506798505783
577,2,0.008910676464438438,0.5749338865280151,0.08828432112932205
578,2,0.008918431587517262,0.659796416759491,0.09022333472967148
579,2,0.008861551061272621,0.7109243869781494,0.07731148600578308
580,2,0.008940218016505241,0.8159985542297363,0.08037630468606949
581,2,0.009148836135864258,0.731407880783081,0.06125634163618088
582,2,0.009317073039710522,0.7126898765563965,0.0735326036810875
583,2,0.009499659761786461,0.6162587404251099,0.11296609044075012
584,2,0.009662474505603313,0.518648087978363,0.13371770083904266
585,2,0.009798672050237656,0.4773291051387787,0.15215285122394562
586,2,0.009912049397826195,0.43708857893943787,0.1608923375606537
587,2,0.0100071607157588,0.40253186225891113,0.18194548785686493
588,2,0.010131972841918468,0.3060644567012787,0.19749487936496735
589,2,0.010261520743370056,0.2879731059074402,0.20486733317375183
590,2,0.01038399152457714,0.2767622470855713,0.21672359108924866
591,2,0.010490565560758114,0.3445163667201996,0.23719239234924316
592,2,0.010584916919469833,0.4509426951408386,0.2597849369049072
593,2,0.01066160574555397,0.6104469299316406,0.2652134895324707
594,2,0.01069615688174963,0.702716052532196,0.26183220744132996
595,2,0.010682161897420883,0.7633565664291382,0.2684178650379181
596,2,0.010633640922605991,0.862022340297699,0.2955581843852997
597,2,0.01068135630339384,0.7184656858444214,0.2665785551071167
598,2,0.010703529231250286,0.5786930322647095,0.2714991271495819
599,2,0.010662775486707687,0.5309569835662842,0.2509034276008606
600,3,0.010648206807672977,0.5143018960952759,0.21461649239063263
601,3,0.01064078975468874,0.5662123560905457,0.18599092960357666
602,3,0.010600882582366467,0.5547680854797363,0.14388759434223175
603,3,0.01051387656480074,0.5514670014381409,0.1114143580198288
604,3,0.01037855725735426,0.5704644918441772,0.08309219777584076
605,3,0.010226025246083736,0.5606642961502075,0.07438879460096359
606,3,0.01006245892494917,0.472829669713974,0.07803048193454742
607,3,0.00989043340086937,0.35862964391708374,0.07093164324760437
608,3,0.00972901564091444,0.3147273063659668,0.07561064511537552
609,3,0.009552485309541225,0.3004125952720642,0.08370766788721085
610,3,0.009369391947984695,0.29598861932754517,0.0821305364370346
611,3,0.009196083061397076,0.2952641248703003,0.06798732280731201
612,3,0.009052317589521408,0.2857084274291992,0.05526232346892357
613,3,0.008963851258158684,0.27295613288879395,0.05483842268586159
614,3,0.008949522860348225,0.26023268699645996,0.07756911963224411
615,3,0.008921423926949501,0.41639360785484314,0.10701528936624527
616,3,0.00887063518166542,0.6792301535606384,0.13460545241832733
617,3,0.008874916471540928,0.7833199501037598,0.15567472577095032
618,3,0.008817758411169052,0.8613643646240234,0.18256279826164246
619,3,0.008930928073823452,0.7692853808403015,0.11456324905157089
620,3,0.008988438174128532,0.7514092326164246,0.0941140204668045
621,3,0.009052606299519539,0.7125508189201355,0.06230641156435013
622,3,0.009144115261733532,0.7433644533157349,0.05880967900156975
623,3,0.009245057590305805,0.7573146224021912,0.061611369252204895
624,3,0.009345155209302902,0.7412837743759155,0.09219769388437271
625,3,0.009456226602196693,0.6541919112205505,0.11435066163539886
626,3,0.009570961818099022,0.5278827548027039,0.13469728827476501
627,3,0.009683497250080109,0.4239194393157959,0.15232530236244202
628,3,0.009794993326067924,0.2846378982067108,0.16228768229484558
629,3,0.009908094070851803,0.24401330947875977,0.1737057864665985
630,3,0.010012361221015453,0.30881983041763306,0.1935282200574875
631,3,0.010096173733472824,0.3545735478401184,0.20810872316360474
632,3,0.01015307568013668,0.38786184787750244,0.2142009735107422
633,3,0.010187542997300625,0.44235873222351074,0.22539135813713074
634,3,0.010218508541584015,0.5501320362091064,0.25665172934532166
635,3,0.01025834959000349,0.585533082485199,0.2906222343444824
636,3,0.01029810681939125,0.6554467678070068,0.30186697840690613
637,3,0.010307172313332558,0.7624232172966003,0.3151712417602539
638,3,0.010275978595018387,0.856255054473877,0.32925260066986084
639,3,0.010200685821473598,0.9201202392578125,0.3626914322376251
640,3,0.010195552371442318,0.8652970194816589,0.28033193945884705
641,3,0.010097961872816086,0.8170939683914185,0.27326515316963196
642,3,0.009980491362512112,0.7556248903274536,0.2901727855205536
643,3,0.009817113168537617,0.6756638884544373,0.27133193612098694
644,3,0.009631240740418434,0.5771623253822327,0.22846533358097076
645,3,0.009439762681722641,0.4620113968849182,0.1810498684644699
646,3,0.009249066933989525,0.4510202407836914,0.15252627432346344
647,3,0.009238770231604576,0.4089265763759613,0.1549852043390274
648,3,0.009227732196450233,0.35317277908325195,0.16177664697170258
649,3,0.00920115690678358,0.32402101159095764,0.16083569824695587
650,3,0.009166548028588295,0.37587103247642517,0.1444651484489441
651,3,0.009318346157670021,0.46224331855773926,0.1215597540140152
652,3,0.009477000683546066,0.47206419706344604,0.10505589097738266
653,3,0.009600522927939892,0.4777742326259613,0.09201406687498093
654,3,0.009637817740440369,0.4723774790763855,0.07524661719799042
655,3,0.009586596861481667,0.6268101334571838,0.07974426448345184
656,3,0.009465313516557217,0.8651704788208008,0.09309414774179459
657,3,0.009309682063758373,0.859696090221405,0.10863138735294342
658,3,0.009175760671496391,0.8177174925804138,0.06462151557207108
659,3,0.009307662956416607,0.7751598358154297,0.049839235842227936
660,3,0.009401283226907253,0.6977755427360535,0.0548519603908062
661,3,0.009375855326652527,0.6444554328918457,0.0657084509730339
662,3,0.009203676134347916,0.5790717601776123,0.06203771382570267
663,3,0.008966783061623573,0.5067073702812195,0.07899025082588196
664,3,0.00882960669696331,0.46760934591293335,0.09842092543840408
665,3,0.008977452293038368,0.43228811025619507,0.12147772312164307
666,3,0.009135479107499123,0.3600079417228699,0.13662870228290558
667,3,0.009279928170144558,0.31884321570396423,0.14367282390594482
668,3,0.009407672099769115,0.29500073194503784,0.17006082832813263
669,3,0.009519664570689201,0.24193444848060608,0.19406044483184814
670,3,0.009615529328584671,0.2846237123012543,0.20503006875514984
671,3,0.009693844243884087,0.4237551689147949,0.22617027163505554
672,3,0.009751941077411175,0.5476497411727905,0.2559611201286316
673,3,0.009794327430427074,0.6971165537834167,0.2804732322692871
674,3,0.009836306795477867,0.8148677349090576,0.30473393201828003
675,3,0.009871629998087883,0.8784968256950378,0.33703622221946716
676,3,0.009953971952199936,0.6603680849075317,0.2869081497192383
677,3,0.009994834661483765,0.6315174102783203,0.2736551761627197
678,3,0.009956924244761467,0.6466630697250366,0.2537398040294647
679,3,0.009877054952085018,0.6261276006698608,0.21013781428337097
680,3,0.009845218621194363,0.5745636224746704,0.1863248646259308
681,3,0.009787280112504959,0.5770167112350464,0.16699153184890747
682,3,0.00970593560487032,0.6111065149307251,0.1644688993692398
683,3,0.009587671607732773,0.5792635679244995,0.1609347015619278
684,3,0.00946384109556675,0.5025997757911682,0.14637722074985504
685,3,0.009345625527203083,0.444018691778183,0.13451281189918518
686,3,0.009238844737410545,0.3768704831600189,0.12435977160930634
687,3,0.00913330353796482,0.28511953353881836,0.12449481338262558
688,3,0.009033747017383575,0.2648361325263977,0.11943024396896362
689,3,0.008953969925642014,0.32972151041030884,0.11887290328741074
690,3,0.008886927738785744,0.5168615579605103,0.1247071698307991
691,3,0.00884338840842247,0.677259087562561,0.10158469527959824
692,3,0.00885438546538353,0.7184791564941406,0.037185341119766235
693,3,0.00902014784514904,0.7537509799003601,0.004536877851933241
694,3,0.009167704731225967,0.7775194644927979,0.01956913433969021
695,3,0.0093079824000597,0.7953252792358398,0.04734186828136444
696,3,0.009475511498749256,0.8117901086807251,0.05266178399324417
697,3,0.009637145325541496,0.7858290672302246,0.08999250829219818
698,3,0.009786663576960564,0.7162391543388367,0.1170424148440361
699,3,0.009931019507348537,0.654190182685852,0.13796848058700562
700,3,0.010064397938549519,0.5855017900466919,0.1458289474248886
701,3,0.010176640935242176,0.5165075659751892,0.150946244597435
702,3,0.010269729420542717,0.43891143798828125,0.16648368537425995
703,3,0.010354995727539062,0.3488287627696991,0.19227030873298645
704,3,0.010431586764752865,0.2607969343662262,0.21373209357261658
705,3,0.010491399094462395,0.27445274591445923,0.2224377691745758
706,3,0.010537856258451939,0.31257718801498413,0.2437308132648468
707,3,0.010579758323729038,0.3360641598701477,0.2670619785785675
708,3,0.010615886189043522,0.3804088532924652,0.2779388427734375
709,3,0.010652730241417885,0.534824550151825,0.29803532361984253
710,3,0.010701562277972698,0.6066849231719971,0.3468453884124756
711,3,0.010743209160864353,0.6671296954154968,0.37990453839302063
712,3,0.010875803418457508,0.4996621310710907,0.3092118799686432
713,3,0.010893006809055805,0.4905568063259125,0.3037974238395691
714,3,0.010848687030375004,0.4846569299697876,0.2755262851715088
715,3,0.010758417658507824,0.5688249468803406,0.22535808384418488
716,3,0.010631564073264599,0.6797746419906616,0.18456301093101501
717,3,0.010476457886397839,0.748964786529541,0.18010039627552032
718,3,0.010293890722095966,0.7395787239074707,0.1775124967098236
719,3,0.010094627737998962,0.7033140063285828,0.1475871503353119
720,3,0.009887238033115864,0.5814175009727478,0.1271277219057083
721,3,0.009671362116932869,0.4364909529685974,0.11105794459581375
722,3,0.009461811743676662,0.4854636788368225,0.08631209284067154
723,3,0.00924635399132967,0.4928114116191864,0.06318339705467224
724,3,0.009029353968799114,0.43018579483032227,0.053036317229270935
725,3,0.008920185267925262,0.41303762793540955,0.06491558998823166
726,3,0.009105388075113297,0.4454418122768402,0.06613276898860931
727,3,0.009318358264863491,0.4608970582485199,0.056808728724718094
728,3,0.009459001943469048,0.49549466371536255,0.04291239380836487
729,3,0.00952476728707552,0.6477143168449402,0.035320814698934555
730,3,0.00959823653101921,0.4460901916027069,0.04341290146112442
731,3,0.009579439647495747,0.48001837730407715,0.061575256288051605
732,3,0.009493577294051647,0.594209611415863,0.06708356738090515
733,3,0.009464499540627003,0.5645455121994019,0.031109513714909554
734,3,0.00955937523394823,0.6202651262283325,0.050191693007946014
735,3,0.009683544747531414,0.65184485912323,0.07806553691625595
736,3,0.009796659462153912,0.6491919755935669,0.0851723700761795
737,3,0.009846498258411884,0.589859127998352,0.08887770026922226
738,3,0.00982208363711834,0.5203598141670227,0.0885230079293251
739,3,0.009729878976941109,0.45763301849365234,0.09994611889123917
740,3,0.009615783579647541,0.3835558295249939,0.10759998857975006
741,3,0.009452486410737038,0.320478618144989,0.14184293150901794
742,3,0.009377791546285152,0.25155532360076904,0.17228153347969055
743,3,0.00931544415652752,0.2842751145362854,0.19233852624893188
744,3,0.00920502096414566,0.31008180975914,0.21351850032806396
745,3,0.009218484163284302,0.2710495591163635,0.253865510225296
746,3,0.009353145956993103,0.23598788678646088,0.2886999547481537
747,3,0.009471867233514786,0.29277801513671875,0.3044186234474182
748,3,0.009571077302098274,0.4216662347316742,0.3048735558986664
749,3,0.009638797491788864,0.6228374242782593,0.30001726746559143
750,3,0.00967430230230093,0.7656089663505554,0.3189444839954376
751,3,0.009782034903764725,0.5942406058311462,0.2975611984729767
752,3,0.00990302488207817,0.5719383358955383,0.29906710982322693
753,3,0.009977406822144985,0.6226474642753601,0.28076469898223877
754,3,0.01001099031418562,0.711214542388916,0.2555422782897949
755,3,0.010018709115684032,0.7526572942733765,0.2098432034254074
756,3,0.009977203793823719,0.7849058508872986,0.18975338339805603
757,3,0.009945635683834553,0.6936530470848083,0.18227171897888184
758,3,0.009897646494209766,0.6123229265213013,0.16615724563598633
759,3,0.009818142279982567,0.5897351503372192,0.14854082465171814
760,3,0.009713574312627316,0.5602843761444092,0.11927543580532074
761,3,0.00958942249417305,0.5867258906364441,0.09489553421735764
762,3,0.009447562508285046,0.5077738761901855,0.08636216819286346
763,3,0.009293841198086739,0.44642776250839233,0.07198405265808105
764,3,0.009138529188930988,0.4525652825832367,0.05868925526738167
765,3,0.009078914299607277,0.45732247829437256,0.03989119082689285
766,3,0.009077404625713825,0.3704138398170471,0.035981763154268265
767,3,0.009051359258592129,0.29793837666511536,0.051262807101011276
768,3,0.009009404107928276,0.40187376737594604,0.053614113479852676
769,3,0.00894927978515625,0.6537672281265259,0.045571375638246536
770,3,0.008882139809429646,0.89658522605896,0.05106928572058678
771,3,0.008915314450860023,0.8678006529808044,0.04943571612238884
772,3,0.008940257132053375,0.8412753939628601,0.07991993427276611
773,3,0.008864184841513634,0.7595343589782715,0.10261237621307373
774,3,0.008741449564695358,0.6713466048240662,0.10536527633666992
775,3,0.008684027008712292,0.5736421346664429,0.08570727705955505
776,3,0.00888258870691061,0.46583160758018494,0.06157927215099335
777,3,0.00910352822393179,0.41283950209617615,0.0484030619263649
778,3,0.009272288531064987,0.43873676657676697,0.03566613048315048
779,3,0.009336169809103012,0.48725900053977966,0.03307756036520004
780,3,0.009288019500672817,0.44736120104789734,0.02958296798169613
781,3,0.0091626588255167,0.38341403007507324,0.04641636833548546
782,3,0.00927508994936943,0.33216553926467896,0.07279228419065475
783,3,0.009444044902920723,0.35579627752304077,0.1093221977353096
784,3,0.00960620678961277,0.41152215003967285,0.14502042531967163
785,3,0.009735791012644768,0.4575188159942627,0.17072045803070068
786,3,0.00982449110597372,0.5729339122772217,0.1857268512248993
787,3,0.009873067028820515,0.7168407440185547,0.19591616094112396
788,3,0.00988750159740448,0.8898624181747437,0.20336368680000305
789,3,0.0098765529692173,0.9854671359062195,0.2059709131717682
790,3,0.009953378699719906,0.8178279399871826,0.20269031822681427
791,3,0.010155672207474709,0.7255113124847412,0.20541852712631226
792,3,0.010300924070179462,0.6711302995681763,0.2038511037826538
793,3,0.010462356731295586,0.548750638961792,0.16007643938064575
794,3,0.01060907170176506,0.5646136999130249,0.11578881740570068
795,3,0.010678746737539768,0.5656101703643799,0.08692403882741928
796,3,0.010674996301531792,0.5273298025131226,0.07865482568740845
797,3,0.010645999573171139,0.4643220901489258,0.05931679159402847
798,3,0.010638134554028511,0.3852681517601013,0.06941501796245575
799,3,0.010601640678942204,0.3336116671562195,0.05924714729189873
